name	start	end	sequence	length	score	tm	entropy	hairpin	gc	gc_clamp	run
example_examplename_80_40_f1	104	106	TT	2	339.67264265	-208.773492949	-0.0	3.5	0.0	0.0	2
example_examplename_80_40_r1	157	159	AT	2	422.855081538	-220.583263164	0.69314718056	6.5	0.0	0.0	1
example_examplename_80_40_f2	53	55	AG	2	325.922249098	-178.34818685	0.69314718056	5.0	0.5	1.0	1
example_examplename_80_40_r2	106	108	AA	2	400.471602195	-208.773492949	-0.0	6.5	0.0	0.0	2
example_examplename2_130_10_f1	137	139	TT	2	339.67264265	-208.773492949	-0.0	3.5	0.0	0.0	2
example_examplename2_130_10_r1	192	194	AG	2	380.296348204	-178.34818685	0.69314718056	8.0	0.5	1.0	1
example_examplename2_130_10_f2	84	86	TT	2	339.67264265	-208.773492949	-0.0	3.5	0.0	0.0	2
example_examplename2_130_10_r2	139	141	AA	2	400.471602195	-208.773492949	-0.0	6.5	0.0	0.0	2
